Year,"Geographic
Region",State of Death,Sex,"Veteran
Suicides"
2005,NA,Total U.S.,Total,5787
2005,NA,Total U.S.,Male,5610
2005,NA,Total U.S.,Female,177
2005,Northeast,Connecticut,Total,44
2005,Northeast,Connecticut,Male,40-50
2005,Northeast,Connecticut,Female,<10
2005,Northeast,Maine,Total,43
2005,Northeast,Maine,Male,40-50
2005,Northeast,Maine,Female,<10
2005,Northeast,Massachusetts,Total,64
2005,Northeast,Massachusetts,Male,60-70
2005,Northeast,Massachusetts,Female,<10
2005,Northeast,New Hampshire,Total,33
2005,Northeast,New Hampshire,Male,30-40
2005,Northeast,New Hampshire,Female,<10
2005,Northeast,New Jersey,Total,63
2005,Northeast,New Jersey,Male,60-70
2005,Northeast,New Jersey,Female,<10
2005,Northeast,New York,Total,157
2005,Northeast,New York,Male,150-160
2005,Northeast,New York,Female,<10
2005,Northeast,Pennsylvania,Total,268
2005,Northeast,Pennsylvania,Male,260-270
2005,Northeast,Pennsylvania,Female,<10
2005,Northeast,Rhode Island,Total,12
2005,Northeast,Rhode Island,Male,10-20
2005,Northeast,Rhode Island,Female,<10
2005,Northeast,Vermont,Total,13
2005,Northeast,Vermont,Male,10-20
2005,Northeast,Vermont,Female,<10
2005,Midwest,Illinois,Total,189
2005,Midwest,Illinois,Male,180-190
2005,Midwest,Illinois,Female,<10
2005,Midwest,Indiana,Total,142
2005,Midwest,Indiana,Male,130-140
2005,Midwest,Indiana,Female,<10
2005,Midwest,Iowa,Total,65
2005,Midwest,Iowa,Male,60-70
2005,Midwest,Iowa,Female,<10
2005,Midwest,Kansas,Total,70
2005,Midwest,Kansas,Male,60-70
2005,Midwest,Kansas,Female,<10
2005,Midwest,Michigan,Total,186
2005,Midwest,Michigan,Male,170-180
2005,Midwest,Michigan,Female,<10
2005,Midwest,Minnesota,Total,87
2005,Midwest,Minnesota,Male,80-90
2005,Midwest,Minnesota,Female,<10
2005,Midwest,Missouri,Total,145
2005,Midwest,Missouri,Male,140-150
2005,Midwest,Missouri,Female,<10
2005,Midwest,Nebraska,Total,34
2005,Midwest,Nebraska,Male,30-40
2005,Midwest,Nebraska,Female,<10
2005,Midwest,North Dakota,Total,16
2005,Midwest,North Dakota,Male,10-20
2005,Midwest,North Dakota,Female,<10
2005,Midwest,Ohio,Total,284
2005,Midwest,Ohio,Male,270-280
2005,Midwest,Ohio,Female,<10
2005,Midwest,South Dakota,Total,31
2005,Midwest,South Dakota,Male,30-40
2005,Midwest,South Dakota,Female,<10
2005,Midwest,Wisconsin,Total,122
2005,Midwest,Wisconsin,Male,110-120
2005,Midwest,Wisconsin,Female,<10
2005,South,Alabama,Total,103
2005,South,Alabama,Male,100-110
2005,South,Alabama,Female,<10
2005,South,Arkansas,Total,73
2005,South,Arkansas,Male,70-80
2005,South,Arkansas,Female,<10
2005,South,Delaware,Total,18
2005,South,Delaware,Male,10-20
2005,South,Delaware,Female,<10
2005,South,District Of Columbia,Total,<10
2005,South,District Of Columbia,Male,<10
2005,South,District Of Columbia,Female,<10
2005,South,Florida,Total,470
2005,South,Florida,Male,448
2005,South,Florida,Female,22
2005,South,Georgia,Total,172
2005,South,Georgia,Male,160-170
2005,South,Georgia,Female,<10
2005,South,Kentucky,Total,111
2005,South,Kentucky,Male,100-110
2005,South,Kentucky,Female,<10
2005,South,Louisiana,Total,61
2005,South,Louisiana,Male,50-60
2005,South,Louisiana,Female,<10
2005,South,Maryland,Total,92
2005,South,Maryland,Male,80-90
2005,South,Maryland,Female,<10
2005,South,Mississippi,Total,53
2005,South,Mississippi,Male,50-60
2005,South,Mississippi,Female,<10
2005,South,North Carolina,Total,188
2005,South,North Carolina,Male,180-190
2005,South,North Carolina,Female,<10
2005,South,Oklahoma,Total,94
2005,South,Oklahoma,Male,90-100
2005,South,Oklahoma,Female,<10
2005,South,South Carolina,Total,72
2005,South,South Carolina,Male,60-70
2005,South,South Carolina,Female,<10
2005,South,Tennessee,Total,157
2005,South,Tennessee,Male,150-160
2005,South,Tennessee,Female,<10
2005,South,Texas,Total,399
2005,South,Texas,Male,385
2005,South,Texas,Female,14
2005,South,Virginia,Total,181
2005,South,Virginia,Male,170-180
2005,South,Virginia,Female,<10
2005,South,West Virginia,Total,57
2005,South,West Virginia,Male,50-60
2005,South,West Virginia,Female,<10
2005,West,Alaska,Total,20
2005,West,Alaska,Male,10-20
2005,West,Alaska,Female,<10
2005,West,Arizona,Total,176
2005,West,Arizona,Male,160-170
2005,West,Arizona,Female,<10
2005,West,California,Total,450
2005,West,California,Male,427
2005,West,California,Female,23
2005,West,Colorado,Total,156
2005,West,Colorado,Male,140-150
2005,West,Colorado,Female,<10
2005,West,Hawaii,Total,12
2005,West,Hawaii,Male,10-20
2005,West,Hawaii,Female,<10
2005,West,Idaho,Total,53
2005,West,Idaho,Male,40-50
2005,West,Idaho,Female,<10
2005,West,Montana,Total,49
2005,West,Montana,Male,40-50
2005,West,Montana,Female,<10
2005,West,Nevada,Total,105
2005,West,Nevada,Male,100-110
2005,West,Nevada,Female,<10
2005,West,New Mexico,Total,63
2005,West,New Mexico,Male,50-60
2005,West,New Mexico,Female,<10
2005,West,Oregon,Total,113
2005,West,Oregon,Male,100-110
2005,West,Oregon,Female,<10
2005,West,Utah,Total,36
2005,West,Utah,Male,30-40
2005,West,Utah,Female,<10
2005,West,Washington,Total,156
2005,West,Washington,Male,150-160
2005,West,Washington,Female,<10
2005,West,Wyoming,Total,22
2005,West,Wyoming,Male,20-30
2005,West,Wyoming,Female,<10
2006,NA,Total U.S.,Total,5688
2006,NA,Total U.S.,Male,5527
2006,NA,Total U.S.,Female,161
2006,Northeast,Connecticut,Total,39
2006,Northeast,Connecticut,Male,30-40
2006,Northeast,Connecticut,Female,<10
2006,Northeast,Maine,Total,34
2006,Northeast,Maine,Male,30-40
2006,Northeast,Maine,Female,<10
2006,Northeast,Massachusetts,Total,48
2006,Northeast,Massachusetts,Male,40-50
2006,Northeast,Massachusetts,Female,<10
2006,Northeast,New Hampshire,Total,31
2006,Northeast,New Hampshire,Male,20-30
2006,Northeast,New Hampshire,Female,<10
2006,Northeast,New Jersey,Total,62
2006,Northeast,New Jersey,Male,50-60
2006,Northeast,New Jersey,Female,<10
2006,Northeast,New York,Total,166
2006,Northeast,New York,Male,160-170
2006,Northeast,New York,Female,<10
2006,Northeast,Pennsylvania,Total,254
2006,Northeast,Pennsylvania,Male,240-250
2006,Northeast,Pennsylvania,Female,<10
2006,Northeast,Rhode Island,Total,21
2006,Northeast,Rhode Island,Male,20-30
2006,Northeast,Rhode Island,Female,<10
2006,Northeast,Vermont,Total,15
2006,Northeast,Vermont,Male,10-20
2006,Northeast,Vermont,Female,<10
2006,Midwest,Illinois,Total,148
2006,Midwest,Illinois,Male,140-150
2006,Midwest,Illinois,Female,<10
2006,Midwest,Indiana,Total,136
2006,Midwest,Indiana,Male,130-140
2006,Midwest,Indiana,Female,<10
2006,Midwest,Iowa,Total,59
2006,Midwest,Iowa,Male,50-60
2006,Midwest,Iowa,Female,<10
2006,Midwest,Kansas,Total,70
2006,Midwest,Kansas,Male,60-70
2006,Midwest,Kansas,Female,<10
2006,Midwest,Michigan,Total,231
2006,Midwest,Michigan,Male,220-230
2006,Midwest,Michigan,Female,<10
2006,Midwest,Minnesota,Total,95
2006,Midwest,Minnesota,Male,80-90
2006,Midwest,Minnesota,Female,<10
2006,Midwest,Missouri,Total,154
2006,Midwest,Missouri,Male,150-160
2006,Midwest,Missouri,Female,<10
2006,Midwest,Nebraska,Total,39
2006,Midwest,Nebraska,Male,30-40
2006,Midwest,Nebraska,Female,<10
2006,Midwest,North Dakota,Total,15
2006,Midwest,North Dakota,Male,10-20
2006,Midwest,North Dakota,Female,<10
2006,Midwest,Ohio,Total,226
2006,Midwest,Ohio,Male,220-230
2006,Midwest,Ohio,Female,<10
2006,Midwest,South Dakota,Total,22
2006,Midwest,South Dakota,Male,20-30
2006,Midwest,South Dakota,Female,<10
2006,Midwest,Wisconsin,Total,118
2006,Midwest,Wisconsin,Male,110-120
2006,Midwest,Wisconsin,Female,<10
2006,South,Alabama,Total,107
2006,South,Alabama,Male,100-110
2006,South,Alabama,Female,<10
2006,South,Arkansas,Total,74
2006,South,Arkansas,Male,70-80
2006,South,Arkansas,Female,<10
2006,South,Delaware,Total,16
2006,South,Delaware,Male,10-20
2006,South,Delaware,Female,<10
2006,South,District Of Columbia,Total,<10
2006,South,District Of Columbia,Male,<10
2006,South,District Of Columbia,Female,<10
2006,South,Florida,Total,484
2006,South,Florida,Male,466
2006,South,Florida,Female,18
2006,South,Georgia,Total,157
2006,South,Georgia,Male,150-160
2006,South,Georgia,Female,<10
2006,South,Kentucky,Total,113
2006,South,Kentucky,Male,100-110
2006,South,Kentucky,Female,<10
2006,South,Louisiana,Total,63
2006,South,Louisiana,Male,60-70
2006,South,Louisiana,Female,<10
2006,South,Maryland,Total,79
2006,South,Maryland,Male,70-80
2006,South,Maryland,Female,<10
2006,South,Mississippi,Total,57
2006,South,Mississippi,Male,50-60
2006,South,Mississippi,Female,<10
2006,South,North Carolina,Total,197
2006,South,North Carolina,Male,190-200
2006,South,North Carolina,Female,<10
2006,South,Oklahoma,Total,89
2006,South,Oklahoma,Male,80-90
2006,South,Oklahoma,Female,<10
2006,South,South Carolina,Total,90
2006,South,South Carolina,Male,80-90
2006,South,South Carolina,Female,<10
2006,South,Tennessee,Total,156
2006,South,Tennessee,Male,150-160
2006,South,Tennessee,Female,<10
2006,South,Texas,Total,378
2006,South,Texas,Male,367
2006,South,Texas,Female,11
2006,South,Virginia,Total,157
2006,South,Virginia,Male,140-150
2006,South,Virginia,Female,<10
2006,South,West Virginia,Total,56
2006,South,West Virginia,Male,50-60
2006,South,West Virginia,Female,<10
2006,West,Alaska,Total,24
2006,West,Alaska,Male,20-30
2006,West,Alaska,Female,<10
2006,West,Arizona,Total,198
2006,West,Arizona,Male,190-200
2006,West,Arizona,Female,<10
2006,West,California,Total,510
2006,West,California,Male,494
2006,West,California,Female,16
2006,West,Colorado,Total,123
2006,West,Colorado,Male,110-120
2006,West,Colorado,Female,<10
2006,West,Hawaii,Total,15
2006,West,Hawaii,Male,10-20
2006,West,Hawaii,Female,<10
2006,West,Idaho,Total,39
2006,West,Idaho,Male,30-40
2006,West,Idaho,Female,<10
2006,West,Montana,Total,48
2006,West,Montana,Male,40-50
2006,West,Montana,Female,<10
2006,West,Nevada,Total,100
2006,West,Nevada,Male,90-100
2006,West,Nevada,Female,<10
2006,West,New Mexico,Total,59
2006,West,New Mexico,Male,50-60
2006,West,New Mexico,Female,<10
2006,West,Oregon,Total,118
2006,West,Oregon,Male,110-120
2006,West,Oregon,Female,<10
2006,West,Utah,Total,45
2006,West,Utah,Male,40-50
2006,West,Utah,Female,<10
2006,West,Washington,Total,124
2006,West,Washington,Male,110-120
2006,West,Washington,Female,<10
2006,West,Wyoming,Total,21
2006,West,Wyoming,Male,10-20
2006,West,Wyoming,Female,<10
2007,NA,Total U.S.,Total,5893
2007,NA,Total U.S.,Male,5724
2007,NA,Total U.S.,Female,169
2007,Northeast,Connecticut,Total,35
2007,Northeast,Connecticut,Male,30-40
2007,Northeast,Connecticut,Female,<10
2007,Northeast,Maine,Total,40
2007,Northeast,Maine,Male,30-40
2007,Northeast,Maine,Female,<10
2007,Northeast,Massachusetts,Total,69
2007,Northeast,Massachusetts,Male,60-70
2007,Northeast,Massachusetts,Female,<10
2007,Northeast,New Hampshire,Total,39
2007,Northeast,New Hampshire,Male,30-40
2007,Northeast,New Hampshire,Female,<10
2007,Northeast,New Jersey,Total,72
2007,Northeast,New Jersey,Male,70-80
2007,Northeast,New Jersey,Female,<10
2007,Northeast,New York,Total,166
2007,Northeast,New York,Male,160-170
2007,Northeast,New York,Female,<10
2007,Northeast,Pennsylvania,Total,239
2007,Northeast,Pennsylvania,Male,230-240
2007,Northeast,Pennsylvania,Female,<10
2007,Northeast,Rhode Island,Total,19
2007,Northeast,Rhode Island,Male,10-20
2007,Northeast,Rhode Island,Female,<10
2007,Northeast,Vermont,Total,14
2007,Northeast,Vermont,Male,10-20
2007,Northeast,Vermont,Female,<10
2007,Midwest,Illinois,Total,156
2007,Midwest,Illinois,Male,150-160
2007,Midwest,Illinois,Female,<10
2007,Midwest,Indiana,Total,136
2007,Midwest,Indiana,Male,130-140
2007,Midwest,Indiana,Female,<10
2007,Midwest,Iowa,Total,60
2007,Midwest,Iowa,Male,50-60
2007,Midwest,Iowa,Female,<10
2007,Midwest,Kansas,Total,74
2007,Midwest,Kansas,Male,70-80
2007,Midwest,Kansas,Female,<10
2007,Midwest,Michigan,Total,189
2007,Midwest,Michigan,Male,180-190
2007,Midwest,Michigan,Female,<10
2007,Midwest,Minnesota,Total,102
2007,Midwest,Minnesota,Male,90-100
2007,Midwest,Minnesota,Female,<10
2007,Midwest,Missouri,Total,131
2007,Midwest,Missouri,Male,120-130
2007,Midwest,Missouri,Female,<10
2007,Midwest,Nebraska,Total,30
2007,Midwest,Nebraska,Male,20-30
2007,Midwest,Nebraska,Female,<10
2007,Midwest,North Dakota,Total,21
2007,Midwest,North Dakota,Male,20-30
2007,Midwest,North Dakota,Female,<10
2007,Midwest,Ohio,Total,253
2007,Midwest,Ohio,Male,240-250
2007,Midwest,Ohio,Female,<10
2007,Midwest,South Dakota,Total,16
2007,Midwest,South Dakota,Male,10-20
2007,Midwest,South Dakota,Female,<10
2007,Midwest,Wisconsin,Total,109
2007,Midwest,Wisconsin,Male,100-110
2007,Midwest,Wisconsin,Female,<10
2007,South,Alabama,Total,98
2007,South,Alabama,Male,90-100
2007,South,Alabama,Female,<10
2007,South,Arkansas,Total,77
2007,South,Arkansas,Male,70-80
2007,South,Arkansas,Female,<10
2007,South,Delaware,Total,10
2007,South,Delaware,Male,0-10
2007,South,Delaware,Female,<10
2007,South,District Of Columbia,Total,<10
2007,South,District Of Columbia,Male,<10
2007,South,District Of Columbia,Female,<10
2007,South,Florida,Total,524
2007,South,Florida,Male,510
2007,South,Florida,Female,14
2007,South,Georgia,Total,185
2007,South,Georgia,Male,170-180
2007,South,Georgia,Female,<10
2007,South,Kentucky,Total,121
2007,South,Kentucky,Male,110-120
2007,South,Kentucky,Female,<10
2007,South,Louisiana,Total,74
2007,South,Louisiana,Male,70-80
2007,South,Louisiana,Female,<10
2007,South,Maryland,Total,89
2007,South,Maryland,Male,80-90
2007,South,Maryland,Female,<10
2007,South,Mississippi,Total,69
2007,South,Mississippi,Male,60-70
2007,South,Mississippi,Female,<10
2007,South,North Carolina,Total,184
2007,South,North Carolina,Male,174
2007,South,North Carolina,Female,10
2007,South,Oklahoma,Total,96
2007,South,Oklahoma,Male,90-100
2007,South,Oklahoma,Female,<10
2007,South,South Carolina,Total,106
2007,South,South Carolina,Male,90-100
2007,South,South Carolina,Female,<10
2007,South,Tennessee,Total,147
2007,South,Tennessee,Male,140-150
2007,South,Tennessee,Female,<10
2007,South,Texas,Total,386
2007,South,Texas,Male,375
2007,South,Texas,Female,11
2007,South,Virginia,Total,176
2007,South,Virginia,Male,170-180
2007,South,Virginia,Female,<10
2007,South,West Virginia,Total,61
2007,South,West Virginia,Male,50-60
2007,South,West Virginia,Female,<10
2007,West,Alaska,Total,26
2007,West,Alaska,Male,20-30
2007,West,Alaska,Female,<10
2007,West,Arizona,Total,188
2007,West,Arizona,Male,180-190
2007,West,Arizona,Female,<10
2007,West,California,Total,494
2007,West,California,Male,477
2007,West,California,Female,17
2007,West,Colorado,Total,156
2007,West,Colorado,Male,150-160
2007,West,Colorado,Female,<10
2007,West,Hawaii,Total,21
2007,West,Hawaii,Male,10-20
2007,West,Hawaii,Female,<10
2007,West,Idaho,Total,40
2007,West,Idaho,Male,30-40
2007,West,Idaho,Female,<10
2007,West,Montana,Total,45
2007,West,Montana,Male,40-50
2007,West,Montana,Female,<10
2007,West,Nevada,Total,93
2007,West,Nevada,Male,90-100
2007,West,Nevada,Female,<10
2007,West,New Mexico,Total,83
2007,West,New Mexico,Male,70-80
2007,West,New Mexico,Female,<10
2007,West,Oregon,Total,131
2007,West,Oregon,Male,120-130
2007,West,Oregon,Female,<10
2007,West,Utah,Total,49
2007,West,Utah,Male,40-50
2007,West,Utah,Female,<10
2007,West,Washington,Total,169
2007,West,Washington,Male,160-170
2007,West,Washington,Female,<10
2007,West,Wyoming,Total,22
2007,West,Wyoming,Male,20-30
2007,West,Wyoming,Female,<10
2008,NA,Total U.S.,Total,6216
2008,NA,Total U.S.,Male,6024
2008,NA,Total U.S.,Female,192
2008,Northeast,Connecticut,Total,38
2008,Northeast,Connecticut,Male,30-40
2008,Northeast,Connecticut,Female,<10
2008,Northeast,Maine,Total,36
2008,Northeast,Maine,Male,30-40
2008,Northeast,Maine,Female,<10
2008,Northeast,Massachusetts,Total,68
2008,Northeast,Massachusetts,Male,60-70
2008,Northeast,Massachusetts,Female,<10
2008,Northeast,New Hampshire,Total,33
2008,Northeast,New Hampshire,Male,30-40
2008,Northeast,New Hampshire,Female,<10
2008,Northeast,New Jersey,Total,81
2008,Northeast,New Jersey,Male,70-80
2008,Northeast,New Jersey,Female,<10
2008,Northeast,New York,Total,203
2008,Northeast,New York,Male,190-200
2008,Northeast,New York,Female,<10
2008,Northeast,Pennsylvania,Total,278
2008,Northeast,Pennsylvania,Male,270-280
2008,Northeast,Pennsylvania,Female,<10
2008,Northeast,Rhode Island,Total,16
2008,Northeast,Rhode Island,Male,10-20
2008,Northeast,Rhode Island,Female,<10
2008,Northeast,Vermont,Total,20
2008,Northeast,Vermont,Male,10-20
2008,Northeast,Vermont,Female,<10
2008,Midwest,Illinois,Total,186
2008,Midwest,Illinois,Male,170-180
2008,Midwest,Illinois,Female,<10
2008,Midwest,Indiana,Total,173
2008,Midwest,Indiana,Male,160-170
2008,Midwest,Indiana,Female,<10
2008,Midwest,Iowa,Total,57
2008,Midwest,Iowa,Male,50-60
2008,Midwest,Iowa,Female,<10
2008,Midwest,Kansas,Total,49
2008,Midwest,Kansas,Male,40-50
2008,Midwest,Kansas,Female,<10
2008,Midwest,Michigan,Total,180
2008,Midwest,Michigan,Male,170-180
2008,Midwest,Michigan,Female,<10
2008,Midwest,Minnesota,Total,92
2008,Midwest,Minnesota,Male,90-100
2008,Midwest,Minnesota,Female,<10
2008,Midwest,Missouri,Total,136
2008,Midwest,Missouri,Male,120-130
2008,Midwest,Missouri,Female,<10
2008,Midwest,Nebraska,Total,35
2008,Midwest,Nebraska,Male,30-40
2008,Midwest,Nebraska,Female,<10
2008,Midwest,North Dakota,Total,10
2008,Midwest,North Dakota,Male,0-10
2008,Midwest,North Dakota,Female,<10
2008,Midwest,Ohio,Total,245
2008,Midwest,Ohio,Male,230-240
2008,Midwest,Ohio,Female,<10
2008,Midwest,South Dakota,Total,16
2008,Midwest,South Dakota,Male,10-20
2008,Midwest,South Dakota,Female,<10
2008,Midwest,Wisconsin,Total,124
2008,Midwest,Wisconsin,Male,110-120
2008,Midwest,Wisconsin,Female,<10
2008,South,Alabama,Total,107
2008,South,Alabama,Male,100-110
2008,South,Alabama,Female,<10
2008,South,Arkansas,Total,80
2008,South,Arkansas,Male,70-80
2008,South,Arkansas,Female,<10
2008,South,Delaware,Total,15
2008,South,Delaware,Male,10-20
2008,South,Delaware,Female,<10
2008,South,District Of Columbia,Total,<10
2008,South,District Of Columbia,Male,<10
2008,South,District Of Columbia,Female,<10
2008,South,Florida,Total,537
2008,South,Florida,Male,524
2008,South,Florida,Female,13
2008,South,Georgia,Total,178
2008,South,Georgia,Male,170-180
2008,South,Georgia,Female,<10
2008,South,Kentucky,Total,112
2008,South,Kentucky,Male,100-110
2008,South,Kentucky,Female,<10
2008,South,Louisiana,Total,95
2008,South,Louisiana,Male,90-100
2008,South,Louisiana,Female,<10
2008,South,Maryland,Total,87
2008,South,Maryland,Male,80-90
2008,South,Maryland,Female,<10
2008,South,Mississippi,Total,79
2008,South,Mississippi,Male,70-80
2008,South,Mississippi,Female,<10
2008,South,North Carolina,Total,197
2008,South,North Carolina,Male,180-190
2008,South,North Carolina,Female,<10
2008,South,Oklahoma,Total,113
2008,South,Oklahoma,Male,100-110
2008,South,Oklahoma,Female,<10
2008,South,South Carolina,Total,103
2008,South,South Carolina,Male,90-100
2008,South,South Carolina,Female,<10
2008,South,Tennessee,Total,155
2008,South,Tennessee,Male,140-150
2008,South,Tennessee,Female,<10
2008,South,Texas,Total,434
2008,South,Texas,Male,422
2008,South,Texas,Female,12
2008,South,Virginia,Total,161
2008,South,Virginia,Male,150-160
2008,South,Virginia,Female,<10
2008,South,West Virginia,Total,46
2008,South,West Virginia,Male,40-50
2008,South,West Virginia,Female,<10
2008,West,Alaska,Total,20
2008,West,Alaska,Male,10-20
2008,West,Alaska,Female,<10
2008,West,Arizona,Total,185
2008,West,Arizona,Male,170-180
2008,West,Arizona,Female,<10
2008,West,California,Total,593
2008,West,California,Male,580
2008,West,California,Female,13
2008,West,Colorado,Total,167
2008,West,Colorado,Male,150-160
2008,West,Colorado,Female,<10
2008,West,Hawaii,Total,17
2008,West,Hawaii,Male,10-20
2008,West,Hawaii,Female,<10
2008,West,Idaho,Total,55
2008,West,Idaho,Male,50-60
2008,West,Idaho,Female,<10
2008,West,Montana,Total,47
2008,West,Montana,Male,40-50
2008,West,Montana,Female,<10
2008,West,Nevada,Total,127
2008,West,Nevada,Male,110-120
2008,West,Nevada,Female,<10
2008,West,New Mexico,Total,60
2008,West,New Mexico,Male,50-60
2008,West,New Mexico,Female,<10
2008,West,Oregon,Total,118
2008,West,Oregon,Male,110-120
2008,West,Oregon,Female,<10
2008,West,Utah,Total,49
2008,West,Utah,Male,40-50
2008,West,Utah,Female,<10
2008,West,Washington,Total,167
2008,West,Washington,Male,160-170
2008,West,Washington,Female,<10
2008,West,Wyoming,Total,30
2008,West,Wyoming,Male,20-30
2008,West,Wyoming,Female,<10
2009,NA,Total U.S.,Total,6172
2009,NA,Total U.S.,Male,5968
2009,NA,Total U.S.,Female,204
2009,Northeast,Connecticut,Total,35
2009,Northeast,Connecticut,Male,30-40
2009,Northeast,Connecticut,Female,<10
2009,Northeast,Maine,Total,36
2009,Northeast,Maine,Male,30-40
2009,Northeast,Maine,Female,<10
2009,Northeast,Massachusetts,Total,78
2009,Northeast,Massachusetts,Male,70-80
2009,Northeast,Massachusetts,Female,<10
2009,Northeast,New Hampshire,Total,28
2009,Northeast,New Hampshire,Male,20-30
2009,Northeast,New Hampshire,Female,<10
2009,Northeast,New Jersey,Total,67
2009,Northeast,New Jersey,Male,60-70
2009,Northeast,New Jersey,Female,<10
2009,Northeast,New York,Total,184
2009,Northeast,New York,Male,170-180
2009,Northeast,New York,Female,<10
2009,Northeast,Pennsylvania,Total,263
2009,Northeast,Pennsylvania,Male,250-260
2009,Northeast,Pennsylvania,Female,<10
2009,Northeast,Rhode Island,Total,16
2009,Northeast,Rhode Island,Male,10-20
2009,Northeast,Rhode Island,Female,<10
2009,Northeast,Vermont,Total,12
2009,Northeast,Vermont,Male,10-20
2009,Northeast,Vermont,Female,<10
2009,Midwest,Illinois,Total,167
2009,Midwest,Illinois,Male,150-160
2009,Midwest,Illinois,Female,<10
2009,Midwest,Indiana,Total,132
2009,Midwest,Indiana,Male,120-130
2009,Midwest,Indiana,Female,<10
2009,Midwest,Iowa,Total,72
2009,Midwest,Iowa,Male,60-70
2009,Midwest,Iowa,Female,<10
2009,Midwest,Kansas,Total,69
2009,Midwest,Kansas,Male,60-70
2009,Midwest,Kansas,Female,<10
2009,Midwest,Michigan,Total,204
2009,Midwest,Michigan,Male,190-200
2009,Midwest,Michigan,Female,<10
2009,Midwest,Minnesota,Total,92
2009,Midwest,Minnesota,Male,80-90
2009,Midwest,Minnesota,Female,<10
2009,Midwest,Missouri,Total,155
2009,Midwest,Missouri,Male,140-150
2009,Midwest,Missouri,Female,<10
2009,Midwest,Nebraska,Total,38
2009,Midwest,Nebraska,Male,30-40
2009,Midwest,Nebraska,Female,<10
2009,Midwest,North Dakota,Total,<10
2009,Midwest,North Dakota,Male,<10
2009,Midwest,North Dakota,Female,<10
2009,Midwest,Ohio,Total,202
2009,Midwest,Ohio,Male,190-200
2009,Midwest,Ohio,Female,<10
2009,Midwest,South Dakota,Total,26
2009,Midwest,South Dakota,Male,20-30
2009,Midwest,South Dakota,Female,<10
2009,Midwest,Wisconsin,Total,124
2009,Midwest,Wisconsin,Male,110-120
2009,Midwest,Wisconsin,Female,<10
2009,South,Alabama,Total,142
2009,South,Alabama,Male,130-140
2009,South,Alabama,Female,<10
2009,South,Arkansas,Total,74
2009,South,Arkansas,Male,70-80
2009,South,Arkansas,Female,<10
2009,South,Delaware,Total,11
2009,South,Delaware,Male,10-20
2009,South,Delaware,Female,<10
2009,South,District Of Columbia,Total,<10
2009,South,District Of Columbia,Male,<10
2009,South,District Of Columbia,Female,<10
2009,South,Florida,Total,524
2009,South,Florida,Male,511
2009,South,Florida,Female,13
2009,South,Georgia,Total,197
2009,South,Georgia,Male,187
2009,South,Georgia,Female,10
2009,South,Kentucky,Total,98
2009,South,Kentucky,Male,90-100
2009,South,Kentucky,Female,<10
2009,South,Louisiana,Total,84
2009,South,Louisiana,Male,80-90
2009,South,Louisiana,Female,<10
2009,South,Maryland,Total,83
2009,South,Maryland,Male,80-90
2009,South,Maryland,Female,<10
2009,South,Mississippi,Total,66
2009,South,Mississippi,Male,60-70
2009,South,Mississippi,Female,<10
2009,South,North Carolina,Total,175
2009,South,North Carolina,Male,160-170
2009,South,North Carolina,Female,<10
2009,South,Oklahoma,Total,101
2009,South,Oklahoma,Male,90-100
2009,South,Oklahoma,Female,<10
2009,South,South Carolina,Total,117
2009,South,South Carolina,Male,110-120
2009,South,South Carolina,Female,<10
2009,South,Tennessee,Total,168
2009,South,Tennessee,Male,160-170
2009,South,Tennessee,Female,<10
2009,South,Texas,Total,446
2009,South,Texas,Male,427
2009,South,Texas,Female,19
2009,South,Virginia,Total,173
2009,South,Virginia,Male,160-170
2009,South,Virginia,Female,<10
2009,South,West Virginia,Total,48
2009,South,West Virginia,Male,40-50
2009,South,West Virginia,Female,<10
2009,West,Alaska,Total,29
2009,West,Alaska,Male,20-30
2009,West,Alaska,Female,<10
2009,West,Arizona,Total,192
2009,West,Arizona,Male,180-190
2009,West,Arizona,Female,<10
2009,West,California,Total,566
2009,West,California,Male,542
2009,West,California,Female,24
2009,West,Colorado,Total,172
2009,West,Colorado,Male,160-170
2009,West,Colorado,Female,<10
2009,West,Hawaii,Total,22
2009,West,Hawaii,Male,20-30
2009,West,Hawaii,Female,<10
2009,West,Idaho,Total,57
2009,West,Idaho,Male,50-60
2009,West,Idaho,Female,<10
2009,West,Montana,Total,48
2009,West,Montana,Male,40-50
2009,West,Montana,Female,<10
2009,West,Nevada,Total,101
2009,West,Nevada,Male,90-100
2009,West,Nevada,Female,<10
2009,West,New Mexico,Total,76
2009,West,New Mexico,Male,70-80
2009,West,New Mexico,Female,<10
2009,West,Oregon,Total,118
2009,West,Oregon,Male,110-120
2009,West,Oregon,Female,<10
2009,West,Utah,Total,62
2009,West,Utah,Male,60-70
2009,West,Utah,Female,<10
2009,West,Washington,Total,188
2009,West,Washington,Male,170-180
2009,West,Washington,Female,<10
2009,West,Wyoming,Total,21
2009,West,Wyoming,Male,10-20
2009,West,Wyoming,Female,<10
2010,NA,Total U.S.,Total,6158
2010,NA,Total U.S.,Male,5943
2010,NA,Total U.S.,Female,215
2010,Northeast,Connecticut,Total,47
2010,Northeast,Connecticut,Male,40-50
2010,Northeast,Connecticut,Female,<10
2010,Northeast,Maine,Total,43
2010,Northeast,Maine,Male,30-40
2010,Northeast,Maine,Female,<10
2010,Northeast,Massachusetts,Total,86
2010,Northeast,Massachusetts,Male,80-90
2010,Northeast,Massachusetts,Female,<10
2010,Northeast,New Hampshire,Total,31
2010,Northeast,New Hampshire,Male,20-30
2010,Northeast,New Hampshire,Female,<10
2010,Northeast,New Jersey,Total,77
2010,Northeast,New Jersey,Male,70-80
2010,Northeast,New Jersey,Female,<10
2010,Northeast,New York,Total,186
2010,Northeast,New York,Male,170-180
2010,Northeast,New York,Female,<10
2010,Northeast,Pennsylvania,Total,246
2010,Northeast,Pennsylvania,Male,230-240
2010,Northeast,Pennsylvania,Female,<10
2010,Northeast,Rhode Island,Total,14
2010,Northeast,Rhode Island,Male,10-20
2010,Northeast,Rhode Island,Female,<10
2010,Northeast,Vermont,Total,17
2010,Northeast,Vermont,Male,10-20
2010,Northeast,Vermont,Female,<10
2010,Midwest,Illinois,Total,163
2010,Midwest,Illinois,Male,150-160
2010,Midwest,Illinois,Female,<10
2010,Midwest,Indiana,Total,129
2010,Midwest,Indiana,Male,120-130
2010,Midwest,Indiana,Female,<10
2010,Midwest,Iowa,Total,70
2010,Midwest,Iowa,Male,60-70
2010,Midwest,Iowa,Female,<10
2010,Midwest,Kansas,Total,64
2010,Midwest,Kansas,Male,50-60
2010,Midwest,Kansas,Female,<10
2010,Midwest,Michigan,Total,172
2010,Midwest,Michigan,Male,160-170
2010,Midwest,Michigan,Female,<10
2010,Midwest,Minnesota,Total,89
2010,Midwest,Minnesota,Male,80-90
2010,Midwest,Minnesota,Female,<10
2010,Midwest,Missouri,Total,163
2010,Midwest,Missouri,Male,160-170
2010,Midwest,Missouri,Female,<10
2010,Midwest,Nebraska,Total,34
2010,Midwest,Nebraska,Male,30-40
2010,Midwest,Nebraska,Female,<10
2010,Midwest,North Dakota,Total,22
2010,Midwest,North Dakota,Male,10-20
2010,Midwest,North Dakota,Female,<10
2010,Midwest,Ohio,Total,258
2010,Midwest,Ohio,Male,240-250
2010,Midwest,Ohio,Female,<10
2010,Midwest,South Dakota,Total,19
2010,Midwest,South Dakota,Male,10-20
2010,Midwest,South Dakota,Female,<10
2010,Midwest,Wisconsin,Total,141
2010,Midwest,Wisconsin,Male,130-140
2010,Midwest,Wisconsin,Female,<10
2010,South,Alabama,Total,112
2010,South,Alabama,Male,110-120
2010,South,Alabama,Female,<10
2010,South,Arkansas,Total,80
2010,South,Arkansas,Male,70-80
2010,South,Arkansas,Female,<10
2010,South,Delaware,Total,14
2010,South,Delaware,Male,10-20
2010,South,Delaware,Female,<10
2010,South,District Of Columbia,Total,<10
2010,South,District Of Columbia,Male,<10
2010,South,District Of Columbia,Female,<10
2010,South,Florida,Total,539
2010,South,Florida,Male,520
2010,South,Florida,Female,19
2010,South,Georgia,Total,184
2010,South,Georgia,Male,174
2010,South,Georgia,Female,10
2010,South,Kentucky,Total,108
2010,South,Kentucky,Male,100-110
2010,South,Kentucky,Female,<10
2010,South,Louisiana,Total,95
2010,South,Louisiana,Male,90-100
2010,South,Louisiana,Female,<10
2010,South,Maryland,Total,77
2010,South,Maryland,Male,70-80
2010,South,Maryland,Female,<10
2010,South,Mississippi,Total,71
2010,South,Mississippi,Male,60-70
2010,South,Mississippi,Female,<10
2010,South,North Carolina,Total,187
2010,South,North Carolina,Male,180-190
2010,South,North Carolina,Female,<10
2010,South,Oklahoma,Total,112
2010,South,Oklahoma,Male,100-110
2010,South,Oklahoma,Female,<10
2010,South,South Carolina,Total,110
2010,South,South Carolina,Male,100-110
2010,South,South Carolina,Female,<10
2010,South,Tennessee,Total,133
2010,South,Tennessee,Male,120-130
2010,South,Tennessee,Female,<10
2010,South,Texas,Total,473
2010,South,Texas,Male,456
2010,South,Texas,Female,17
2010,South,Virginia,Total,156
2010,South,Virginia,Male,150-160
2010,South,Virginia,Female,<10
2010,South,West Virginia,Total,49
2010,South,West Virginia,Male,40-50
2010,South,West Virginia,Female,<10
2010,West,Alaska,Total,26
2010,West,Alaska,Male,20-30
2010,West,Alaska,Female,<10
2010,West,Arizona,Total,189
2010,West,Arizona,Male,180-190
2010,West,Arizona,Female,<10
2010,West,California,Total,539
2010,West,California,Male,513
2010,West,California,Female,26
2010,West,Colorado,Total,139
2010,West,Colorado,Male,130-140
2010,West,Colorado,Female,<10
2010,West,Hawaii,Total,19
2010,West,Hawaii,Male,10-20
2010,West,Hawaii,Female,<10
2010,West,Idaho,Total,58
2010,West,Idaho,Male,50-60
2010,West,Idaho,Female,<10
2010,West,Montana,Total,52
2010,West,Montana,Male,50-60
2010,West,Montana,Female,<10
2010,West,Nevada,Total,112
2010,West,Nevada,Male,100-110
2010,West,Nevada,Female,<10
2010,West,New Mexico,Total,66
2010,West,New Mexico,Male,60-70
2010,West,New Mexico,Female,<10
2010,West,Oregon,Total,126
2010,West,Oregon,Male,120-130
2010,West,Oregon,Female,<10
2010,West,Utah,Total,62
2010,West,Utah,Male,60-70
2010,West,Utah,Female,<10
2010,West,Washington,Total,166
2010,West,Washington,Male,154
2010,West,Washington,Female,12
2010,West,Wyoming,Total,27
2010,West,Wyoming,Male,20-30
2010,West,Wyoming,Female,<10
2011,NA,Total U.S.,Total,6116
2011,NA,Total U.S.,Male,5889
2011,NA,Total U.S.,Female,227
2011,Northeast,Connecticut,Total,54
2011,Northeast,Connecticut,Male,50-60
2011,Northeast,Connecticut,Female,<10
2011,Northeast,Maine,Total,46
2011,Northeast,Maine,Male,40-50
2011,Northeast,Maine,Female,<10
2011,Northeast,Massachusetts,Total,68
2011,Northeast,Massachusetts,Male,60-70
2011,Northeast,Massachusetts,Female,<10
2011,Northeast,New Hampshire,Total,29
2011,Northeast,New Hampshire,Male,20-30
2011,Northeast,New Hampshire,Female,<10
2011,Northeast,New Jersey,Total,71
2011,Northeast,New Jersey,Male,60-70
2011,Northeast,New Jersey,Female,<10
2011,Northeast,New York,Total,216
2011,Northeast,New York,Male,200-210
2011,Northeast,New York,Female,<10
2011,Northeast,Pennsylvania,Total,254
2011,Northeast,Pennsylvania,Male,244
2011,Northeast,Pennsylvania,Female,10
2011,Northeast,Rhode Island,Total,17
2011,Northeast,Rhode Island,Male,10-20
2011,Northeast,Rhode Island,Female,<10
2011,Northeast,Vermont,Total,28
2011,Northeast,Vermont,Male,20-30
2011,Northeast,Vermont,Female,<10
2011,Midwest,Illinois,Total,153
2011,Midwest,Illinois,Male,150-160
2011,Midwest,Illinois,Female,<10
2011,Midwest,Indiana,Total,127
2011,Midwest,Indiana,Male,120-130
2011,Midwest,Indiana,Female,<10
2011,Midwest,Iowa,Total,75
2011,Midwest,Iowa,Male,70-80
2011,Midwest,Iowa,Female,<10
2011,Midwest,Kansas,Total,57
2011,Midwest,Kansas,Male,50-60
2011,Midwest,Kansas,Female,<10
2011,Midwest,Michigan,Total,186
2011,Midwest,Michigan,Male,170-180
2011,Midwest,Michigan,Female,<10
2011,Midwest,Minnesota,Total,101
2011,Midwest,Minnesota,Male,90-100
2011,Midwest,Minnesota,Female,<10
2011,Midwest,Missouri,Total,136
2011,Midwest,Missouri,Male,130-140
2011,Midwest,Missouri,Female,<10
2011,Midwest,Nebraska,Total,39
2011,Midwest,Nebraska,Male,30-40
2011,Midwest,Nebraska,Female,<10
2011,Midwest,North Dakota,Total,21
2011,Midwest,North Dakota,Male,10-20
2011,Midwest,North Dakota,Female,<10
2011,Midwest,Ohio,Total,237
2011,Midwest,Ohio,Male,230-240
2011,Midwest,Ohio,Female,<10
2011,Midwest,South Dakota,Total,21
2011,Midwest,South Dakota,Male,10-20
2011,Midwest,South Dakota,Female,<10
2011,Midwest,Wisconsin,Total,102
2011,Midwest,Wisconsin,Male,90-100
2011,Midwest,Wisconsin,Female,<10
2011,South,Alabama,Total,119
2011,South,Alabama,Male,110-120
2011,South,Alabama,Female,<10
2011,South,Arkansas,Total,76
2011,South,Arkansas,Male,70-80
2011,South,Arkansas,Female,<10
2011,South,Delaware,Total,15
2011,South,Delaware,Male,10-20
2011,South,Delaware,Female,<10
2011,South,District Of Columbia,Total,<10
2011,South,District Of Columbia,Male,<10
2011,South,District Of Columbia,Female,<10
2011,South,Florida,Total,512
2011,South,Florida,Male,491
2011,South,Florida,Female,21
2011,South,Georgia,Total,185
2011,South,Georgia,Male,170-180
2011,South,Georgia,Female,<10
2011,South,Kentucky,Total,111
2011,South,Kentucky,Male,100-110
2011,South,Kentucky,Female,<10
2011,South,Louisiana,Total,73
2011,South,Louisiana,Male,70-80
2011,South,Louisiana,Female,<10
2011,South,Maryland,Total,84
2011,South,Maryland,Male,80-90
2011,South,Maryland,Female,<10
2011,South,Mississippi,Total,58
2011,South,Mississippi,Male,50-60
2011,South,Mississippi,Female,<10
2011,South,North Carolina,Total,184
2011,South,North Carolina,Male,170-180
2011,South,North Carolina,Female,<10
2011,South,Oklahoma,Total,120
2011,South,Oklahoma,Male,110-120
2011,South,Oklahoma,Female,<10
2011,South,South Carolina,Total,115
2011,South,South Carolina,Male,110-120
2011,South,South Carolina,Female,<10
2011,South,Tennessee,Total,161
2011,South,Tennessee,Male,150-160
2011,South,Tennessee,Female,<10
2011,South,Texas,Total,472
2011,South,Texas,Male,444
2011,South,Texas,Female,28
2011,South,Virginia,Total,169
2011,South,Virginia,Male,156
2011,South,Virginia,Female,13
2011,South,West Virginia,Total,56
2011,South,West Virginia,Male,50-60
2011,South,West Virginia,Female,<10
2011,West,Alaska,Total,18
2011,West,Alaska,Male,10-20
2011,West,Alaska,Female,<10
2011,West,Arizona,Total,197
2011,West,Arizona,Male,180-190
2011,West,Arizona,Female,<10
2011,West,California,Total,569
2011,West,California,Male,544
2011,West,California,Female,25
2011,West,Colorado,Total,136
2011,West,Colorado,Male,130-140
2011,West,Colorado,Female,<10
2011,West,Hawaii,Total,23
2011,West,Hawaii,Male,20-30
2011,West,Hawaii,Female,<10
2011,West,Idaho,Total,56
2011,West,Idaho,Male,50-60
2011,West,Idaho,Female,<10
2011,West,Montana,Total,58
2011,West,Montana,Male,50-60
2011,West,Montana,Female,<10
2011,West,Nevada,Total,79
2011,West,Nevada,Male,70-80
2011,West,Nevada,Female,<10
2011,West,New Mexico,Total,68
2011,West,New Mexico,Male,60-70
2011,West,New Mexico,Female,<10
2011,West,Oregon,Total,130
2011,West,Oregon,Male,120-130
2011,West,Oregon,Female,<10
2011,West,Utah,Total,52
2011,West,Utah,Male,40-50
2011,West,Utah,Female,<10
2011,West,Washington,Total,156
2011,West,Washington,Male,146
2011,West,Washington,Female,10
2011,West,Wyoming,Total,23
2011,West,Wyoming,Male,20-30
2011,West,Wyoming,Female,<10
2012,NA,Total U.S.,Total,6065
2012,NA,Total U.S.,Male,5846
2012,NA,Total U.S.,Female,219
2012,Northeast,Connecticut,Total,39
2012,Northeast,Connecticut,Male,30-40
2012,Northeast,Connecticut,Female,<10
2012,Northeast,Maine,Total,35
2012,Northeast,Maine,Male,30-40
2012,Northeast,Maine,Female,<10
2012,Northeast,Massachusetts,Total,63
2012,Northeast,Massachusetts,Male,60-70
2012,Northeast,Massachusetts,Female,<10
2012,Northeast,New Hampshire,Total,31
2012,Northeast,New Hampshire,Male,20-30
2012,Northeast,New Hampshire,Female,<10
2012,Northeast,New Jersey,Total,65
2012,Northeast,New Jersey,Male,60-70
2012,Northeast,New Jersey,Female,<10
2012,Northeast,New York,Total,184
2012,Northeast,New York,Male,180-190
2012,Northeast,New York,Female,<10
2012,Northeast,Pennsylvania,Total,249
2012,Northeast,Pennsylvania,Male,240-250
2012,Northeast,Pennsylvania,Female,<10
2012,Northeast,Rhode Island,Total,12
2012,Northeast,Rhode Island,Male,0-10
2012,Northeast,Rhode Island,Female,<10
2012,Northeast,Vermont,Total,<10
2012,Northeast,Vermont,Male,<10
2012,Northeast,Vermont,Female,<10
2012,Midwest,Illinois,Total,171
2012,Midwest,Illinois,Male,160-170
2012,Midwest,Illinois,Female,<10
2012,Midwest,Indiana,Total,145
2012,Midwest,Indiana,Male,130-140
2012,Midwest,Indiana,Female,<10
2012,Midwest,Iowa,Total,53
2012,Midwest,Iowa,Male,50-60
2012,Midwest,Iowa,Female,<10
2012,Midwest,Kansas,Total,69
2012,Midwest,Kansas,Male,60-70
2012,Midwest,Kansas,Female,<10
2012,Midwest,Michigan,Total,163
2012,Midwest,Michigan,Male,150-160
2012,Midwest,Michigan,Female,<10
2012,Midwest,Minnesota,Total,112
2012,Midwest,Minnesota,Male,110-120
2012,Midwest,Minnesota,Female,<10
2012,Midwest,Missouri,Total,161
2012,Midwest,Missouri,Male,150-160
2012,Midwest,Missouri,Female,<10
2012,Midwest,Nebraska,Total,42
2012,Midwest,Nebraska,Male,40-50
2012,Midwest,Nebraska,Female,<10
2012,Midwest,North Dakota,Total,16
2012,Midwest,North Dakota,Male,10-20
2012,Midwest,North Dakota,Female,<10
2012,Midwest,Ohio,Total,248
2012,Midwest,Ohio,Male,240-250
2012,Midwest,Ohio,Female,<10
2012,Midwest,South Dakota,Total,19
2012,Midwest,South Dakota,Male,10-20
2012,Midwest,South Dakota,Female,<10
2012,Midwest,Wisconsin,Total,95
2012,Midwest,Wisconsin,Male,90-100
2012,Midwest,Wisconsin,Female,<10
2012,South,Alabama,Total,117
2012,South,Alabama,Male,110-120
2012,South,Alabama,Female,<10
2012,South,Arkansas,Total,81
2012,South,Arkansas,Male,70
2012,South,Arkansas,Female,11
2012,South,Delaware,Total,18
2012,South,Delaware,Male,10-20
2012,South,Delaware,Female,<10
2012,South,District Of Columbia,Total,<10
2012,South,District Of Columbia,Male,<10
2012,South,District Of Columbia,Female,<10
2012,South,Florida,Total,511
2012,South,Florida,Male,487
2012,South,Florida,Female,24
2012,South,Georgia,Total,181
2012,South,Georgia,Male,171
2012,South,Georgia,Female,10
2012,South,Kentucky,Total,107
2012,South,Kentucky,Male,90-100
2012,South,Kentucky,Female,<10
2012,South,Louisiana,Total,75
2012,South,Louisiana,Male,70-80
2012,South,Louisiana,Female,<10
2012,South,Maryland,Total,89
2012,South,Maryland,Male,80-90
2012,South,Maryland,Female,<10
2012,South,Mississippi,Total,64
2012,South,Mississippi,Male,60-70
2012,South,Mississippi,Female,<10
2012,South,North Carolina,Total,174
2012,South,North Carolina,Male,160-170
2012,South,North Carolina,Female,<10
2012,South,Oklahoma,Total,105
2012,South,Oklahoma,Male,100-110
2012,South,Oklahoma,Female,<10
2012,South,South Carolina,Total,108
2012,South,South Carolina,Male,100-110
2012,South,South Carolina,Female,<10
2012,South,Tennessee,Total,161
2012,South,Tennessee,Male,150-160
2012,South,Tennessee,Female,<10
2012,South,Texas,Total,470
2012,South,Texas,Male,454
2012,South,Texas,Female,16
2012,South,Virginia,Total,182
2012,South,Virginia,Male,170-180
2012,South,Virginia,Female,<10
2012,South,West Virginia,Total,64
2012,South,West Virginia,Male,60-70
2012,South,West Virginia,Female,<10
2012,West,Alaska,Total,21
2012,West,Alaska,Male,10-20
2012,West,Alaska,Female,<10
2012,West,Arizona,Total,206
2012,West,Arizona,Male,200-210
2012,West,Arizona,Female,<10
2012,West,California,Total,526
2012,West,California,Male,498
2012,West,California,Female,28
2012,West,Colorado,Total,159
2012,West,Colorado,Male,150-160
2012,West,Colorado,Female,<10
2012,West,Hawaii,Total,23
2012,West,Hawaii,Male,20-30
2012,West,Hawaii,Female,<10
2012,West,Idaho,Total,44
2012,West,Idaho,Male,40-50
2012,West,Idaho,Female,<10
2012,West,Montana,Total,49
2012,West,Montana,Male,40-50
2012,West,Montana,Female,<10
2012,West,Nevada,Total,92
2012,West,Nevada,Male,80-90
2012,West,Nevada,Female,<10
2012,West,New Mexico,Total,61
2012,West,New Mexico,Male,50-60
2012,West,New Mexico,Female,<10
2012,West,Oregon,Total,132
2012,West,Oregon,Male,120-130
2012,West,Oregon,Female,<10
2012,West,Utah,Total,62
2012,West,Utah,Male,50-60
2012,West,Utah,Female,<10
2012,West,Washington,Total,170
2012,West,Washington,Male,160-170
2012,West,Washington,Female,<10
2012,West,Wyoming,Total,30
2012,West,Wyoming,Male,20-30
2012,West,Wyoming,Female,<10
2013,NA,Total U.S.,Total,6132
2013,NA,Total U.S.,Male,5901
2013,NA,Total U.S.,Female,231
2013,Northeast,Connecticut,Total,30
2013,Northeast,Connecticut,Male,20-30
2013,Northeast,Connecticut,Female,<10
2013,Northeast,Maine,Total,45
2013,Northeast,Maine,Male,40-50
2013,Northeast,Maine,Female,<10
2013,Northeast,Massachusetts,Total,56
2013,Northeast,Massachusetts,Male,50-60
2013,Northeast,Massachusetts,Female,<10
2013,Northeast,New Hampshire,Total,25
2013,Northeast,New Hampshire,Male,20-30
2013,Northeast,New Hampshire,Female,<10
2013,Northeast,New Jersey,Total,95
2013,Northeast,New Jersey,Male,90-100
2013,Northeast,New Jersey,Female,<10
2013,Northeast,New York,Total,179
2013,Northeast,New York,Male,170-180
2013,Northeast,New York,Female,<10
2013,Northeast,Pennsylvania,Total,271
2013,Northeast,Pennsylvania,Male,260-270
2013,Northeast,Pennsylvania,Female,<10
2013,Northeast,Rhode Island,Total,16
2013,Northeast,Rhode Island,Male,10-20
2013,Northeast,Rhode Island,Female,<10
2013,Northeast,Vermont,Total,13
2013,Northeast,Vermont,Male,10-20
2013,Northeast,Vermont,Female,<10
2013,Midwest,Illinois,Total,164
2013,Midwest,Illinois,Male,150-160
2013,Midwest,Illinois,Female,<10
2013,Midwest,Indiana,Total,146
2013,Midwest,Indiana,Male,130-140
2013,Midwest,Indiana,Female,<10
2013,Midwest,Iowa,Total,64
2013,Midwest,Iowa,Male,60-70
2013,Midwest,Iowa,Female,<10
2013,Midwest,Kansas,Total,67
2013,Midwest,Kansas,Male,60-70
2013,Midwest,Kansas,Female,<10
2013,Midwest,Michigan,Total,166
2013,Midwest,Michigan,Male,150-160
2013,Midwest,Michigan,Female,<10
2013,Midwest,Minnesota,Total,89
2013,Midwest,Minnesota,Male,80-90
2013,Midwest,Minnesota,Female,<10
2013,Midwest,Missouri,Total,191
2013,Midwest,Missouri,Male,181
2013,Midwest,Missouri,Female,10
2013,Midwest,Nebraska,Total,34
2013,Midwest,Nebraska,Male,30-40
2013,Midwest,Nebraska,Female,<10
2013,Midwest,North Dakota,Total,15
2013,Midwest,North Dakota,Male,10-20
2013,Midwest,North Dakota,Female,<10
2013,Midwest,Ohio,Total,223
2013,Midwest,Ohio,Male,210-220
2013,Midwest,Ohio,Female,<10
2013,Midwest,South Dakota,Total,18
2013,Midwest,South Dakota,Male,10-20
2013,Midwest,South Dakota,Female,<10
2013,Midwest,Wisconsin,Total,121
2013,Midwest,Wisconsin,Male,110-120
2013,Midwest,Wisconsin,Female,<10
2013,South,Alabama,Total,124
2013,South,Alabama,Male,110-120
2013,South,Alabama,Female,<10
2013,South,Arkansas,Total,91
2013,South,Arkansas,Male,80-90
2013,South,Arkansas,Female,<10
2013,South,Delaware,Total,16
2013,South,Delaware,Male,10-20
2013,South,Delaware,Female,<10
2013,South,District Of Columbia,Total,<10
2013,South,District Of Columbia,Male,<10
2013,South,District Of Columbia,Female,<10
2013,South,Florida,Total,518
2013,South,Florida,Male,503
2013,South,Florida,Female,15
2013,South,Georgia,Total,174
2013,South,Georgia,Male,160-170
2013,South,Georgia,Female,<10
2013,South,Kentucky,Total,110
2013,South,Kentucky,Male,100-110
2013,South,Kentucky,Female,<10
2013,South,Louisiana,Total,84
2013,South,Louisiana,Male,80-90
2013,South,Louisiana,Female,<10
2013,South,Maryland,Total,78
2013,South,Maryland,Male,70-80
2013,South,Maryland,Female,<10
2013,South,Mississippi,Total,47
2013,South,Mississippi,Male,40-50
2013,South,Mississippi,Female,<10
2013,South,North Carolina,Total,202
2013,South,North Carolina,Male,190-200
2013,South,North Carolina,Female,<10
2013,South,Oklahoma,Total,106
2013,South,Oklahoma,Male,100-110
2013,South,Oklahoma,Female,<10
2013,South,South Carolina,Total,120
2013,South,South Carolina,Male,110-120
2013,South,South Carolina,Female,<10
2013,South,Tennessee,Total,166
2013,South,Tennessee,Male,150-160
2013,South,Tennessee,Female,<10
2013,South,Texas,Total,462
2013,South,Texas,Male,445
2013,South,Texas,Female,17
2013,South,Virginia,Total,174
2013,South,Virginia,Male,160-170
2013,South,Virginia,Female,<10
2013,South,West Virginia,Total,65
2013,South,West Virginia,Male,60-70
2013,South,West Virginia,Female,<10
2013,West,Alaska,Total,19
2013,West,Alaska,Male,10-20
2013,West,Alaska,Female,<10
2013,West,Arizona,Total,221
2013,West,Arizona,Male,210
2013,West,Arizona,Female,11
2013,West,California,Total,502
2013,West,California,Male,478
2013,West,California,Female,24
2013,West,Colorado,Total,148
2013,West,Colorado,Male,140-150
2013,West,Colorado,Female,<10
2013,West,Hawaii,Total,27
2013,West,Hawaii,Male,20-30
2013,West,Hawaii,Female,<10
2013,West,Idaho,Total,53
2013,West,Idaho,Male,50-60
2013,West,Idaho,Female,<10
2013,West,Montana,Total,28
2013,West,Montana,Male,20-30
2013,West,Montana,Female,<10
2013,West,Nevada,Total,106
2013,West,Nevada,Male,100-110
2013,West,Nevada,Female,<10
2013,West,New Mexico,Total,66
2013,West,New Mexico,Male,60-70
2013,West,New Mexico,Female,<10
2013,West,Oregon,Total,133
2013,West,Oregon,Male,120-130
2013,West,Oregon,Female,<10
2013,West,Utah,Total,60
2013,West,Utah,Male,50-60
2013,West,Utah,Female,<10
2013,West,Washington,Total,166
2013,West,Washington,Male,150-160
2013,West,Washington,Female,<10
2013,West,Wyoming,Total,29
2013,West,Wyoming,Male,20-30
2013,West,Wyoming,Female,<10
2014,NA,Total U.S.,Total,6272
2014,NA,Total U.S.,Male,5998
2014,NA,Total U.S.,Female,274
2014,Northeast,Connecticut,Total,40
2014,Northeast,Connecticut,Male,30-40
2014,Northeast,Connecticut,Female,<10
2014,Northeast,Maine,Total,50
2014,Northeast,Maine,Male,40-50
2014,Northeast,Maine,Female,<10
2014,Northeast,Massachusetts,Total,61
2014,Northeast,Massachusetts,Male,60-70
2014,Northeast,Massachusetts,Female,<10
2014,Northeast,New Hampshire,Total,33
2014,Northeast,New Hampshire,Male,30-40
2014,Northeast,New Hampshire,Female,<10
2014,Northeast,New Jersey,Total,79
2014,Northeast,New Jersey,Male,70-80
2014,Northeast,New Jersey,Female,<10
2014,Northeast,New York,Total,189
2014,Northeast,New York,Male,180-190
2014,Northeast,New York,Female,<10
2014,Northeast,Pennsylvania,Total,272
2014,Northeast,Pennsylvania,Male,260-270
2014,Northeast,Pennsylvania,Female,<10
2014,Northeast,Rhode Island,Total,11
2014,Northeast,Rhode Island,Male,10-20
2014,Northeast,Rhode Island,Female,<10
2014,Northeast,Vermont,Total,20
2014,Northeast,Vermont,Male,10-20
2014,Northeast,Vermont,Female,<10
2014,Midwest,Illinois,Total,171
2014,Midwest,Illinois,Male,160-170
2014,Midwest,Illinois,Female,<10
2014,Midwest,Indiana,Total,114
2014,Midwest,Indiana,Male,100-110
2014,Midwest,Indiana,Female,<10
2014,Midwest,Iowa,Total,65
2014,Midwest,Iowa,Male,60-70
2014,Midwest,Iowa,Female,<10
2014,Midwest,Kansas,Total,65
2014,Midwest,Kansas,Male,50-60
2014,Midwest,Kansas,Female,<10
2014,Midwest,Michigan,Total,188
2014,Midwest,Michigan,Male,180-190
2014,Midwest,Michigan,Female,<10
2014,Midwest,Minnesota,Total,91
2014,Midwest,Minnesota,Male,80-90
2014,Midwest,Minnesota,Female,<10
2014,Midwest,Missouri,Total,178
2014,Midwest,Missouri,Male,170-180
2014,Midwest,Missouri,Female,<10
2014,Midwest,Nebraska,Total,46
2014,Midwest,Nebraska,Male,40-50
2014,Midwest,Nebraska,Female,<10
2014,Midwest,North Dakota,Total,17
2014,Midwest,North Dakota,Male,10-20
2014,Midwest,North Dakota,Female,<10
2014,Midwest,Ohio,Total,230
2014,Midwest,Ohio,Male,213
2014,Midwest,Ohio,Female,17
2014,Midwest,South Dakota,Total,22
2014,Midwest,South Dakota,Male,20-30
2014,Midwest,South Dakota,Female,<10
2014,Midwest,Wisconsin,Total,114
2014,Midwest,Wisconsin,Male,100-110
2014,Midwest,Wisconsin,Female,<10
2014,South,Alabama,Total,99
2014,South,Alabama,Male,90-100
2014,South,Alabama,Female,<10
2014,South,Arkansas,Total,85
2014,South,Arkansas,Male,80-90
2014,South,Arkansas,Female,<10
2014,South,Delaware,Total,20
2014,South,Delaware,Male,10-20
2014,South,Delaware,Female,<10
2014,South,District Of Columbia,Total,<10
2014,South,District Of Columbia,Male,<10
2014,South,District Of Columbia,Female,<10
2014,South,Florida,Total,515
2014,South,Florida,Male,491
2014,South,Florida,Female,24
2014,South,Georgia,Total,163
2014,South,Georgia,Male,150-160
2014,South,Georgia,Female,<10
2014,South,Kentucky,Total,124
2014,South,Kentucky,Male,110-120
2014,South,Kentucky,Female,<10
2014,South,Louisiana,Total,93
2014,South,Louisiana,Male,90-100
2014,South,Louisiana,Female,<10
2014,South,Maryland,Total,76
2014,South,Maryland,Male,70-80
2014,South,Maryland,Female,<10
2014,South,Mississippi,Total,59
2014,South,Mississippi,Male,50-60
2014,South,Mississippi,Female,<10
2014,South,North Carolina,Total,189
2014,South,North Carolina,Male,170-180
2014,South,North Carolina,Female,<10
2014,South,Oklahoma,Total,122
2014,South,Oklahoma,Male,110-120
2014,South,Oklahoma,Female,<10
2014,South,South Carolina,Total,110
2014,South,South Carolina,Male,100-110
2014,South,South Carolina,Female,<10
2014,South,Tennessee,Total,141
2014,South,Tennessee,Male,130-140
2014,South,Tennessee,Female,<10
2014,South,Texas,Total,465
2014,South,Texas,Male,437
2014,South,Texas,Female,28
2014,South,Virginia,Total,170
2014,South,Virginia,Male,160-170
2014,South,Virginia,Female,<10
2014,South,West Virginia,Total,60
2014,South,West Virginia,Male,50-60
2014,South,West Virginia,Female,<10
2014,West,Alaska,Total,31
2014,West,Alaska,Male,20-30
2014,West,Alaska,Female,<10
2014,West,Arizona,Total,238
2014,West,Arizona,Male,225
2014,West,Arizona,Female,13
2014,West,California,Total,601
2014,West,California,Male,580
2014,West,California,Female,21
2014,West,Colorado,Total,166
2014,West,Colorado,Male,160-170
2014,West,Colorado,Female,<10
2014,West,Hawaii,Total,22
2014,West,Hawaii,Male,20-30
2014,West,Hawaii,Female,<10
2014,West,Idaho,Total,46
2014,West,Idaho,Male,40-50
2014,West,Idaho,Female,<10
2014,West,Montana,Total,46
2014,West,Montana,Male,40-50
2014,West,Montana,Female,<10
2014,West,Nevada,Total,99
2014,West,Nevada,Male,90-100
2014,West,Nevada,Female,<10
2014,West,New Mexico,Total,81
2014,West,New Mexico,Male,70-80
2014,West,New Mexico,Female,<10
2014,West,Oregon,Total,128
2014,West,Oregon,Male,120-130
2014,West,Oregon,Female,<10
2014,West,Utah,Total,69
2014,West,Utah,Male,60-70
2014,West,Utah,Female,<10
2014,West,Washington,Total,172
2014,West,Washington,Male,160-170
2014,West,Washington,Female,<10
2014,West,Wyoming,Total,22
2014,West,Wyoming,Male,20-30
2014,West,Wyoming,Female,<10
2015,NA,Total U.S.,Total,6227
2015,NA,Total U.S.,Male,5946
2015,NA,Total U.S.,Female,281
2015,Northeast,Connecticut,Total,43
2015,Northeast,Connecticut,Male,30-40
2015,Northeast,Connecticut,Female,<10
2015,Northeast,Maine,Total,48
2015,Northeast,Maine,Male,40-50
2015,Northeast,Maine,Female,<10
2015,Northeast,Massachusetts,Total,65
2015,Northeast,Massachusetts,Male,60-70
2015,Northeast,Massachusetts,Female,<10
2015,Northeast,New Hampshire,Total,32
2015,Northeast,New Hampshire,Male,30-40
2015,Northeast,New Hampshire,Female,<10
2015,Northeast,New Jersey,Total,73
2015,Northeast,New Jersey,Male,70-80
2015,Northeast,New Jersey,Female,<10
2015,Northeast,New York,Total,157
2015,Northeast,New York,Male,140-150
2015,Northeast,New York,Female,<10
2015,Northeast,Pennsylvania,Total,240
2015,Northeast,Pennsylvania,Male,230-240
2015,Northeast,Pennsylvania,Female,<10
2015,Northeast,Rhode Island,Total,15
2015,Northeast,Rhode Island,Male,10-20
2015,Northeast,Rhode Island,Female,<10
2015,Northeast,Vermont,Total,18
2015,Northeast,Vermont,Male,10-20
2015,Northeast,Vermont,Female,<10
2015,Midwest,Illinois,Total,155
2015,Midwest,Illinois,Male,150-160
2015,Midwest,Illinois,Female,<10
2015,Midwest,Indiana,Total,107
2015,Midwest,Indiana,Male,100-110
2015,Midwest,Indiana,Female,<10
2015,Midwest,Iowa,Total,64
2015,Midwest,Iowa,Male,50-60
2015,Midwest,Iowa,Female,<10
2015,Midwest,Kansas,Total,67
2015,Midwest,Kansas,Male,60-70
2015,Midwest,Kansas,Female,<10
2015,Midwest,Michigan,Total,180
2015,Midwest,Michigan,Male,170-180
2015,Midwest,Michigan,Female,<10
2015,Midwest,Minnesota,Total,76
2015,Midwest,Minnesota,Male,70-80
2015,Midwest,Minnesota,Female,<10
2015,Midwest,Missouri,Total,179
2015,Midwest,Missouri,Male,170-180
2015,Midwest,Missouri,Female,<10
2015,Midwest,Nebraska,Total,25
2015,Midwest,Nebraska,Male,20-30
2015,Midwest,Nebraska,Female,<10
2015,Midwest,North Dakota,Total,19
2015,Midwest,North Dakota,Male,10-20
2015,Midwest,North Dakota,Female,<10
2015,Midwest,Ohio,Total,220
2015,Midwest,Ohio,Male,210-220
2015,Midwest,Ohio,Female,<10
2015,Midwest,South Dakota,Total,28
2015,Midwest,South Dakota,Male,20-30
2015,Midwest,South Dakota,Female,<10
2015,Midwest,Wisconsin,Total,109
2015,Midwest,Wisconsin,Male,100-110
2015,Midwest,Wisconsin,Female,<10
2015,South,Alabama,Total,128
2015,South,Alabama,Male,120-130
2015,South,Alabama,Female,<10
2015,South,Arkansas,Total,91
2015,South,Arkansas,Male,80-90
2015,South,Arkansas,Female,<10
2015,South,Delaware,Total,11
2015,South,Delaware,Male,0-10
2015,South,Delaware,Female,<10
2015,South,District Of Columbia,Total,<10
2015,South,District Of Columbia,Male,<10
2015,South,District Of Columbia,Female,<10
2015,South,Florida,Total,565
2015,South,Florida,Male,540
2015,South,Florida,Female,25
2015,South,Georgia,Total,184
2015,South,Georgia,Male,174
2015,South,Georgia,Female,10
2015,South,Kentucky,Total,125
2015,South,Kentucky,Male,110-120
2015,South,Kentucky,Female,<10
2015,South,Louisiana,Total,95
2015,South,Louisiana,Male,90-100
2015,South,Louisiana,Female,<10
2015,South,Maryland,Total,78
2015,South,Maryland,Male,70-80
2015,South,Maryland,Female,<10
2015,South,Mississippi,Total,58
2015,South,Mississippi,Male,50-60
2015,South,Mississippi,Female,<10
2015,South,North Carolina,Total,215
2015,South,North Carolina,Male,202
2015,South,North Carolina,Female,13
2015,South,Oklahoma,Total,125
2015,South,Oklahoma,Male,110-120
2015,South,Oklahoma,Female,<10
2015,South,South Carolina,Total,118
2015,South,South Carolina,Male,110-120
2015,South,South Carolina,Female,<10
2015,South,Tennessee,Total,146
2015,South,Tennessee,Male,140-150
2015,South,Tennessee,Female,<10
2015,South,Texas,Total,516
2015,South,Texas,Male,477
2015,South,Texas,Female,39
2015,South,Virginia,Total,175
2015,South,Virginia,Male,163
2015,South,Virginia,Female,12
2015,South,West Virginia,Total,58
2015,South,West Virginia,Male,50-60
2015,South,West Virginia,Female,<10
2015,West,Alaska,Total,27
2015,West,Alaska,Male,20-30
2015,West,Alaska,Female,<10
2015,West,Arizona,Total,216
2015,West,Arizona,Male,205
2015,West,Arizona,Female,11
2015,West,California,Total,523
2015,West,California,Male,499
2015,West,California,Female,24
2015,West,Colorado,Total,164
2015,West,Colorado,Male,150-160
2015,West,Colorado,Female,<10
2015,West,Hawaii,Total,25
2015,West,Hawaii,Male,20-30
2015,West,Hawaii,Female,<10
2015,West,Idaho,Total,57
2015,West,Idaho,Male,50-60
2015,West,Idaho,Female,<10
2015,West,Montana,Total,46
2015,West,Montana,Male,40-50
2015,West,Montana,Female,<10
2015,West,Nevada,Total,95
2015,West,Nevada,Male,90-100
2015,West,Nevada,Female,<10
2015,West,New Mexico,Total,69
2015,West,New Mexico,Male,60-70
2015,West,New Mexico,Female,<10
2015,West,Oregon,Total,124
2015,West,Oregon,Male,110-120
2015,West,Oregon,Female,<10
2015,West,Utah,Total,61
2015,West,Utah,Male,50-60
2015,West,Utah,Female,<10
2015,West,Washington,Total,179
2015,West,Washington,Male,168
2015,West,Washington,Female,11
2015,West,Wyoming,Total,24
2015,West,Wyoming,Male,20-30
2015,West,Wyoming,Female,<10
2016,NA,Total U.S.,Total,6010
2016,NA,Total U.S.,Male,5756
2016,NA,Total U.S.,Female,254
2016,Northeast,Connecticut,Total,35
2016,Northeast,Connecticut,Male,30-40
2016,Northeast,Connecticut,Female,<10
2016,Northeast,Maine,Total,30
2016,Northeast,Maine,Male,20-30
2016,Northeast,Maine,Female,<10
2016,Northeast,Massachusetts,Total,67
2016,Northeast,Massachusetts,Male,60-70
2016,Northeast,Massachusetts,Female,<10
2016,Northeast,New Hampshire,Total,33
2016,Northeast,New Hampshire,Male,30-40
2016,Northeast,New Hampshire,Female,<10
2016,Northeast,New Jersey,Total,67
2016,Northeast,New Jersey,Male,60-70
2016,Northeast,New Jersey,Female,<10
2016,Northeast,New York,Total,152
2016,Northeast,New York,Male,140-150
2016,Northeast,New York,Female,<10
2016,Northeast,Pennsylvania,Total,261
2016,Northeast,Pennsylvania,Male,250-260
2016,Northeast,Pennsylvania,Female,<10
2016,Northeast,Rhode Island,Total,17
2016,Northeast,Rhode Island,Male,10-20
2016,Northeast,Rhode Island,Female,<10
2016,Northeast,Vermont,Total,25
2016,Northeast,Vermont,Male,20-30
2016,Northeast,Vermont,Female,<10
2016,Midwest,Illinois,Total,161
2016,Midwest,Illinois,Male,150-160
2016,Midwest,Illinois,Female,<10
2016,Midwest,Indiana,Total,69
2016,Midwest,Indiana,Male,60-70
2016,Midwest,Indiana,Female,<10
2016,Midwest,Iowa,Total,62
2016,Midwest,Iowa,Male,50-60
2016,Midwest,Iowa,Female,<10
2016,Midwest,Kansas,Total,60
2016,Midwest,Kansas,Male,50-60
2016,Midwest,Kansas,Female,<10
2016,Midwest,Michigan,Total,155
2016,Midwest,Michigan,Male,140-150
2016,Midwest,Michigan,Female,<10
2016,Midwest,Minnesota,Total,93
2016,Midwest,Minnesota,Male,80-90
2016,Midwest,Minnesota,Female,<10
2016,Midwest,Missouri,Total,153
2016,Midwest,Missouri,Male,140-150
2016,Midwest,Missouri,Female,<10
2016,Midwest,Nebraska,Total,27
2016,Midwest,Nebraska,Male,20-30
2016,Midwest,Nebraska,Female,<10
2016,Midwest,North Dakota,Total,17
2016,Midwest,North Dakota,Male,10-20
2016,Midwest,North Dakota,Female,<10
2016,Midwest,Ohio,Total,245
2016,Midwest,Ohio,Male,230-240
2016,Midwest,Ohio,Female,<10
2016,Midwest,South Dakota,Total,18
2016,Midwest,South Dakota,Male,10-20
2016,Midwest,South Dakota,Female,<10
2016,Midwest,Wisconsin,Total,130
2016,Midwest,Wisconsin,Male,120-130
2016,Midwest,Wisconsin,Female,<10
2016,South,Alabama,Total,128
2016,South,Alabama,Male,120-130
2016,South,Alabama,Female,<10
2016,South,Arkansas,Total,79
2016,South,Arkansas,Male,70-80
2016,South,Arkansas,Female,<10
2016,South,Delaware,Total,24
2016,South,Delaware,Male,20-30
2016,South,Delaware,Female,<10
2016,South,District Of Columbia,Total,<10
2016,South,District Of Columbia,Male,<10
2016,South,District Of Columbia,Female,<10
2016,South,Florida,Total,525
2016,South,Florida,Male,501
2016,South,Florida,Female,24
2016,South,Georgia,Total,198
2016,South,Georgia,Male,190-200
2016,South,Georgia,Female,<10
2016,South,Kentucky,Total,106
2016,South,Kentucky,Male,90-100
2016,South,Kentucky,Female,<10
2016,South,Louisiana,Total,74
2016,South,Louisiana,Male,60-70
2016,South,Louisiana,Female,<10
2016,South,Maryland,Total,68
2016,South,Maryland,Male,60-70
2016,South,Maryland,Female,<10
2016,South,Mississippi,Total,49
2016,South,Mississippi,Male,40-50
2016,South,Mississippi,Female,<10
2016,South,North Carolina,Total,180
2016,South,North Carolina,Male,167
2016,South,North Carolina,Female,13
2016,South,Oklahoma,Total,107
2016,South,Oklahoma,Male,100-110
2016,South,Oklahoma,Female,<10
2016,South,South Carolina,Total,119
2016,South,South Carolina,Male,110-120
2016,South,South Carolina,Female,<10
2016,South,Tennessee,Total,159
2016,South,Tennessee,Male,150-160
2016,South,Tennessee,Female,<10
2016,South,Texas,Total,523
2016,South,Texas,Male,496
2016,South,Texas,Female,27
2016,South,Virginia,Total,195
2016,South,Virginia,Male,184
2016,South,Virginia,Female,11
2016,South,West Virginia,Total,49
2016,South,West Virginia,Male,40-50
2016,South,West Virginia,Female,<10
2016,West,Alaska,Total,17
2016,West,Alaska,Male,10-20
2016,West,Alaska,Female,<10
2016,West,Arizona,Total,224
2016,West,Arizona,Male,214
2016,West,Arizona,Female,10
2016,West,California,Total,487
2016,West,California,Male,468
2016,West,California,Female,19
2016,West,Colorado,Total,170
2016,West,Colorado,Male,160-170
2016,West,Colorado,Female,<10
2016,West,Hawaii,Total,11
2016,West,Hawaii,Male,0-10
2016,West,Hawaii,Female,<10
2016,West,Idaho,Total,58
2016,West,Idaho,Male,50-60
2016,West,Idaho,Female,<10
2016,West,Montana,Total,41
2016,West,Montana,Male,30-40
2016,West,Montana,Female,<10
2016,West,Nevada,Total,103
2016,West,Nevada,Male,90-100
2016,West,Nevada,Female,<10
2016,West,New Mexico,Total,67
2016,West,New Mexico,Male,60-70
2016,West,New Mexico,Female,<10
2016,West,Oregon,Total,119
2016,West,Oregon,Male,110-120
2016,West,Oregon,Female,<10
2016,West,Utah,Total,58
2016,West,Utah,Male,50-60
2016,West,Utah,Female,<10
2016,West,Washington,Total,171
2016,West,Washington,Male,160-170
2016,West,Washington,Female,<10
2016,West,Wyoming,Total,22
2016,West,Wyoming,Male,10-20
2016,West,Wyoming,Female,<10
2017,NA,Total U.S.,Total,6139
2017,NA,Total U.S.,Male,5843
2017,NA,Total U.S.,Female,296
2017,Northeast,Connecticut,Total,37
2017,Northeast,Connecticut,Male,30-40
2017,Northeast,Connecticut,Female,<10
2017,Northeast,Maine,Total,48
2017,Northeast,Maine,Male,40-50
2017,Northeast,Maine,Female,<10
2017,Northeast,Massachusetts,Total,60
2017,Northeast,Massachusetts,Male,50-60
2017,Northeast,Massachusetts,Female,<10
2017,Northeast,New Hampshire,Total,39
2017,Northeast,New Hampshire,Male,30-40
2017,Northeast,New Hampshire,Female,<10
2017,Northeast,New Jersey,Total,76
2017,Northeast,New Jersey,Male,70-80
2017,Northeast,New Jersey,Female,<10
2017,Northeast,New York,Total,136
2017,Northeast,New York,Male,130-140
2017,Northeast,New York,Female,<10
2017,Northeast,Pennsylvania,Total,257
2017,Northeast,Pennsylvania,Male,246
2017,Northeast,Pennsylvania,Female,11
2017,Northeast,Rhode Island,Total,12
2017,Northeast,Rhode Island,Male,0-10
2017,Northeast,Rhode Island,Female,<10
2017,Northeast,Vermont,Total,10
2017,Northeast,Vermont,Male,0-10
2017,Northeast,Vermont,Female,<10
2017,Midwest,Illinois,Total,168
2017,Midwest,Illinois,Male,160-170
2017,Midwest,Illinois,Female,<10
2017,Midwest,Indiana,Total,115
2017,Midwest,Indiana,Male,110-120
2017,Midwest,Indiana,Female,<10
2017,Midwest,Iowa,Total,66
2017,Midwest,Iowa,Male,60-70
2017,Midwest,Iowa,Female,<10
2017,Midwest,Kansas,Total,70
2017,Midwest,Kansas,Male,60-70
2017,Midwest,Kansas,Female,<10
2017,Midwest,Michigan,Total,170
2017,Midwest,Michigan,Male,160-170
2017,Midwest,Michigan,Female,<10
2017,Midwest,Minnesota,Total,89
2017,Midwest,Minnesota,Male,80-90
2017,Midwest,Minnesota,Female,<10
2017,Midwest,Missouri,Total,156
2017,Midwest,Missouri,Male,150-160
2017,Midwest,Missouri,Female,<10
2017,Midwest,Nebraska,Total,39
2017,Midwest,Nebraska,Male,30-40
2017,Midwest,Nebraska,Female,<10
2017,Midwest,North Dakota,Total,21
2017,Midwest,North Dakota,Male,10-20
2017,Midwest,North Dakota,Female,<10
2017,Midwest,Ohio,Total,247
2017,Midwest,Ohio,Male,233
2017,Midwest,Ohio,Female,14
2017,Midwest,South Dakota,Total,19
2017,Midwest,South Dakota,Male,10-20
2017,Midwest,South Dakota,Female,<10
2017,Midwest,Wisconsin,Total,124
2017,Midwest,Wisconsin,Male,110-120
2017,Midwest,Wisconsin,Female,<10
2017,South,Alabama,Total,124
2017,South,Alabama,Male,110-120
2017,South,Alabama,Female,<10
2017,South,Arkansas,Total,97
2017,South,Arkansas,Male,90-100
2017,South,Arkansas,Female,<10
2017,South,Delaware,Total,16
2017,South,Delaware,Male,10-20
2017,South,Delaware,Female,<10
2017,South,District Of Columbia,Total,<10
2017,South,District Of Columbia,Male,<10
2017,South,District Of Columbia,Female,<10
2017,South,Florida,Total,512
2017,South,Florida,Male,482
2017,South,Florida,Female,30
2017,South,Georgia,Total,194
2017,South,Georgia,Male,180-190
2017,South,Georgia,Female,<10
2017,South,Kentucky,Total,107
2017,South,Kentucky,Male,100-110
2017,South,Kentucky,Female,<10
2017,South,Louisiana,Total,92
2017,South,Louisiana,Male,80-90
2017,South,Louisiana,Female,<10
2017,South,Maryland,Total,78
2017,South,Maryland,Male,70-80
2017,South,Maryland,Female,<10
2017,South,Mississippi,Total,56
2017,South,Mississippi,Male,50-60
2017,South,Mississippi,Female,<10
2017,South,North Carolina,Total,212
2017,South,North Carolina,Male,200
2017,South,North Carolina,Female,12
2017,South,Oklahoma,Total,85
2017,South,Oklahoma,Male,70-80
2017,South,Oklahoma,Female,<10
2017,South,South Carolina,Total,120
2017,South,South Carolina,Male,110-120
2017,South,South Carolina,Female,<10
2017,South,Tennessee,Total,154
2017,South,Tennessee,Male,143
2017,South,Tennessee,Female,11
2017,South,Texas,Total,496
2017,South,Texas,Male,473
2017,South,Texas,Female,23
2017,South,Virginia,Total,165
2017,South,Virginia,Male,150
2017,South,Virginia,Female,15
2017,South,West Virginia,Total,59
2017,South,West Virginia,Male,50-60
2017,South,West Virginia,Female,<10
2017,West,Alaska,Total,27
2017,West,Alaska,Male,20-30
2017,West,Alaska,Female,<10
2017,West,Arizona,Total,228
2017,West,Arizona,Male,215
2017,West,Arizona,Female,13
2017,West,California,Total,491
2017,West,California,Male,470
2017,West,California,Female,21
2017,West,Colorado,Total,149
2017,West,Colorado,Male,139
2017,West,Colorado,Female,10
2017,West,Hawaii,Total,19
2017,West,Hawaii,Male,10-20
2017,West,Hawaii,Female,<10
2017,West,Idaho,Total,49
2017,West,Idaho,Male,40-50
2017,West,Idaho,Female,<10
2017,West,Montana,Total,53
2017,West,Montana,Male,50-60
2017,West,Montana,Female,<10
2017,West,Nevada,Total,116
2017,West,Nevada,Male,106
2017,West,Nevada,Female,10
2017,West,New Mexico,Total,68
2017,West,New Mexico,Male,60-70
2017,West,New Mexico,Female,<10
2017,West,Oregon,Total,150
2017,West,Oregon,Male,140-150
2017,West,Oregon,Female,<10
2017,West,Utah,Total,57
2017,West,Utah,Male,50-60
2017,West,Utah,Female,<10
2017,West,Washington,Total,176
2017,West,Washington,Male,164
2017,West,Washington,Female,12
2017,West,Wyoming,Total,27
2017,West,Wyoming,Male,20-30
2017,West,Wyoming,Female,<10
